{"cameraMode":{"drawMode":0,"name":"Shaded","section":"Shading Mode"},"sceneLighting":false,"audioPlay":false,"sceneViewState":{"showFog":true,"showMaterialUpdate":false,"showSkybox":false,"showFlares":true,"showImageEffects":true,"showParticleSystems":true},"in2DMode":false,"pivot":{"x":-1.061309576034546,"y":0.24098587036132813,"z":-0.07999992370605469},"rotation":{"x":-0.23517842590808869,"y":0.6731306910514832,"z":-0.24028785526752473,"w":-0.658703088760376},"size":12.047704696655274,"orthographic":false}