{"cameraMode":{"drawMode":0,"name":"Shaded","section":"Shading Mode"},"sceneLighting":false,"audioPlay":false,"sceneViewState":{"showFog":true,"showMaterialUpdate":false,"showSkybox":false,"showFlares":true,"showImageEffects":true,"showParticleSystems":true},"in2DMode":false,"pivot":{"x":-1.9498710632324219,"y":8.872241973876954,"z":-5.903444290161133},"rotation":{"x":-0.002010197378695011,"y":-0.7422313094139099,"z":-0.0022270334884524347,"w":0.6701382994651794},"size":44.49607849121094,"orthographic":true}