{"cameraMode":{"drawMode":0,"name":"Shaded","section":"Shading Mode"},"sceneLighting":false,"audioPlay":false,"sceneViewState":{"showFog":true,"showMaterialUpdate":false,"showSkybox":false,"showFlares":true,"showImageEffects":true,"showParticleSystems":true},"in2DMode":false,"pivot":{"x":-1.3671972751617432,"y":-10.14630126953125,"z":150.462890625},"rotation":{"x":-0.08233512192964554,"y":-0.04154112935066223,"z":0.00343600707128644,"w":-0.9957375526428223},"size":77.31941223144531,"orthographic":false}