{"cameraMode":{"drawMode":0,"name":"Shaded","section":"Shading Mode"},"sceneLighting":false,"audioPlay":false,"sceneViewState":{"showFog":true,"showMaterialUpdate":false,"showSkybox":false,"showFlares":true,"showImageEffects":true,"showParticleSystems":true},"in2DMode":false,"pivot":{"x":-16.771751403808595,"y":-3.156797170639038,"z":2.164562463760376},"rotation":{"x":-0.16716045141220094,"y":0.6634476184844971,"z":-0.15559616684913636,"w":-0.7125495672225952},"size":20.45433807373047,"orthographic":false}