{"count":1,"gauges":{},"self":3204.6323712,"total":9629.53211,"children":{"AgentResetIfDone":{"count":2182484,"self":43.0936096,"total":43.093609,"children":null},"AgentSendState":{"count":2182484,"self":181.9073408,"total":598.902111,"children":{"CollectObservations":{"count":8729936,"self":416.9947648,"total":416.99476899999996,"children":null}}},"DecideAction":{"count":2182484,"self":5587.7505024,"total":5659.90021,"children":{"AgentInfo.ToProto":{"count":545621,"self":72.149568,"total":72.149568,"children":null}}},"AcademyStep":{"count":2182484,"self":23.3107136,"total":23.310713999999997,"children":null},"AgentAct":{"count":2182484,"self":99.691871999999989,"total":99.691875,"children":null}}}