{"count":1,"gauges":{},"self":222.7534848,"total":233.19529799999998,"children":{"AgentResetIfDone":{"count":11620,"self":0.276091,"total":0.276091,"children":null},"AgentSendState":{"count":11620,"self":0.45496899999999996,"total":1.6529829999999999,"children":{"CollectObservations":{"count":14326,"self":1.198014,"total":1.198014,"children":null}}},"DecideAction":{"count":11620,"self":5.882592,"total":5.882592,"children":null},"AcademyStep":{"count":11620,"self":0.15340099999999998,"total":0.15340099999999998,"children":null},"AgentAct":{"count":11620,"self":2.475538,"total":2.475538,"children":null}}}